{"stats":{"minecraft:dropped":{"minecraft:bread":1,"minecraft:golden_helmet":2,"minecraft:cornflower":1,"minecraft:golden_leggings":2,"tombstone:grave_dust":2,"minecraft:string":1,"minecraft:armor_stand":4},"minecraft:picked_up":{"minecraft:golden_helmet":4,"minecraft:pink_petals":9,"minecraft:charcoal":8,"minecraft:stick":2,"minecraft:crafting_table":1,"minecraft:leather":3,"minecraft:golden_leggings":4,"minecraft:torch":3,"minecraft:porkchop":11,"minecraft:oak_log":2,"minecraft:cherry_log":20,"tombstone:grave_dust":1,"minecraft:white_bed":2,"minecraft:cornflower":1,"minecraft:string":1,"minecraft:dirt":23,"minecraft:bone":2,"minecraft:arrow":2,"minecraft:armor_stand":4,"minecraft:experience_bottle":1,"minecraft:rotten_flesh":4,"minecraft:beef":5,"minecraft:cherry_sapling":6,"minecraft:sugar_cane":4,"minecraft:mutton":16},"minecraft:used":{"minecraft:apple":1,"minecraft:iron_axe":77,"minecraft:bread":11,"minecraft:pink_petals":3,"minecraft:torch":5,"minecraft:dirt":23,"tombstone:gift":1,"minecraft:white_bed":1,"minecraft:experience_bottle":1},"minecraft:custom":{"minecraft:time_since_rest":13245,"minecraft:sprint_one_cm":113351,"minecraft:damage_taken":1334,"minecraft:walk_one_cm":103631,"minecraft:mob_kills":18,"minecraft:drop":10,"minecraft:damage_dealt":2960,"minecraft:swim_one_cm":46389,"minecraft:interact_with_crafting_table":1,"minecraft:talked_to_villager":4,"minecraft:fly_one_cm":154962,"minecraft:open_chest":8,"minecraft:crouch_one_cm":1045,"minecraft:play_time":36239,"tombstone:undead_killed":7,"minecraft:deaths":2,"minecraft:sneak_time":292,"minecraft:walk_under_water_one_cm":15246,"minecraft:jump":1044,"minecraft:leave_game":1,"minecraft:time_since_death":15644,"minecraft:walk_on_water_one_cm":9507,"minecraft:sleep_in_bed":2,"minecraft:total_world_time":38495,"minecraft:fall_one_cm":31827},"minecraft:killed":{"minecraft:zombie":4,"minecraft:pig":6,"minecraft:zombie_villager":1,"minecraft:spider":2,"minecraft:cow":3,"minecraft:skeleton":2},"minecraft:mined":{"minecraft:pink_petals":6,"minecraft:white_bed":2,"minecraft:cherry_log":20,"minecraft:crafting_table":1,"minecraft:cornflower":1,"minecraft:torch":3,"minecraft:oak_log":2,"minecraft:grass":5,"minecraft:grass_block":9,"minecraft:dirt":2,"minecraft:campfire":4,"minecraft:tall_grass":3,"minecraft:sugar_cane":2,"minecraft:oak_leaves":2}},"DataVersion":3465}